"Time: 0.063s,Bytes: 3254,Queue: 13"
"Time: 0.065s,Bytes: 3306,Queue: 12"
"Time: 0.066s,Bytes: 1453,Queue: 11"
"Time: 0.067s,Bytes: 3576,Queue: 10"
"Time: 0.067s,Bytes: 3507,Queue: 9"
"Time: 0.068s,Bytes: 1561,Queue: 8"
"Time: 0.069s,Bytes: 4701,Queue: 7"
"Time: 0.07s,Bytes: 6804,Queue: 6"
"Time: 0.071s,Bytes: 1538,Queue: 5"
"Time: 0.071s,Bytes: 3332,Queue: 4"
"Time: 0.072s,Bytes: 2806,Queue: 3"
"Time: 0.072s,Bytes: 3315,Queue: 2"
"Time: 0.073s,Bytes: 4311,Queue: 1"
"Time: 0.053s,Bytes: 4338,Queue: 37"
"Time: 0.053s,Bytes: 5873,Queue: 36"
"Time: 0.054s,Bytes: 3278,Queue: 35"
"Time: 0.054s,Bytes: 3025,Queue: 34"
"Time: 0.054s,Bytes: 2399,Queue: 33"
"Time: 0.054s,Bytes: 3918,Queue: 32"
"Time: 0.054s,Bytes: 2446,Queue: 31"
"Time: 0.054s,Bytes: 4011,Queue: 30"
"Time: 0.054s,Bytes: 3940,Queue: 29"
"Time: 0.054s,Bytes: 4024,Queue: 28"
"Time: 0.054s,Bytes: 4210,Queue: 27"
"Time: 0.055s,Bytes: 3735,Queue: 26"
"Time: 0.055s,Bytes: 3034,Queue: 25"
"Time: 0.055s,Bytes: 3944,Queue: 24"
"Time: 0.055s,Bytes: 3169,Queue: 23"
"Time: 0.055s,Bytes: 2723,Queue: 22"
"Time: 0.055s,Bytes: 1914,Queue: 21"
"Time: 0.055s,Bytes: 6637,Queue: 20"
"Time: 0.056s,Bytes: 7524,Queue: 19"
"Time: 0.056s,Bytes: 1371,Queue: 18"
"Time: 0.056s,Bytes: 6102,Queue: 17"
"Time: 0.056s,Bytes: 3467,Queue: 16"
"Time: 0.056s,Bytes: 3172,Queue: 15"
"Time: 0.056s,Bytes: 2743,Queue: 14"
"Time: 0.056s,Bytes: 3545,Queue: 13"
"Time: 0.057s,Bytes: 2500,Queue: 12"
"Time: 0.057s,Bytes: 4470,Queue: 11"
"Time: 0.057s,Bytes: 2603,Queue: 10"
"Time: 0.057s,Bytes: 21250,Queue: 9"
"Time: 0.057s,Bytes: 2154,Queue: 8"
"Time: 0.057s,Bytes: 4307,Queue: 7"
"Time: 0.058s,Bytes: 4974,Queue: 6"
"Time: 0.058s,Bytes: 3746,Queue: 5"
"Time: 0.058s,Bytes: 5387,Queue: 4"
"Time: 0.058s,Bytes: 4671,Queue: 3"
"Time: 0.015s,Bytes: 7359,Queue: 2"
"Time: 0.016s,Bytes: 10326,Queue: 1"
"Time: 0.018s,Bytes: 2446,Queue: 35"
"Time: 0.019s,Bytes: 3918,Queue: 34"
"Time: 0.02s,Bytes: 3278,Queue: 33"
"Time: 0.021s,Bytes: 4338,Queue: 32"
"Time: 0.021s,Bytes: 2399,Queue: 31"
"Time: 0.022s,Bytes: 3025,Queue: 30"
"Time: 0.022s,Bytes: 4011,Queue: 29"
"Time: 0.023s,Bytes: 3944,Queue: 28"
"Time: 0.023s,Bytes: 5873,Queue: 27"
"Time: 0.024s,Bytes: 3940,Queue: 26"
"Time: 0.024s,Bytes: 4210,Queue: 25"
"Time: 0.025s,Bytes: 3034,Queue: 24"
"Time: 0.025s,Bytes: 3735,Queue: 23"
"Time: 0.026s,Bytes: 7524,Queue: 22"
"Time: 0.027s,Bytes: 4024,Queue: 21"
"Time: 0.03s,Bytes: 3169,Queue: 20"
"Time: 0.031s,Bytes: 2723,Queue: 19"
"Time: 0.031s,Bytes: 1371,Queue: 18"
"Time: 0.032s,Bytes: 1914,Queue: 17"
"Time: 0.032s,Bytes: 6637,Queue: 16"
"Time: 0.033s,Bytes: 6102,Queue: 15"
"Time: 0.034s,Bytes: 3467,Queue: 14"
"Time: 0.035s,Bytes: 3172,Queue: 13"
"Time: 0.035s,Bytes: 2500,Queue: 12"
"Time: 0.036s,Bytes: 2743,Queue: 11"
"Time: 0.036s,Bytes: 4470,Queue: 10"
"Time: 0.037s,Bytes: 3545,Queue: 9"
"Time: 0.038s,Bytes: 21250,Queue: 8"
"Time: 0.04s,Bytes: 2603,Queue: 7"
"Time: 0.041s,Bytes: 5387,Queue: 6"
"Time: 0.042s,Bytes: 2154,Queue: 5"
"Time: 0.042s,Bytes: 4974,Queue: 4"
"Time: 0.044s,Bytes: 4307,Queue: 3"
"Time: 0.105s,Bytes: 3746,Queue: 14"
"Time: 0.105s,Bytes: 4671,Queue: 13"
"Time: 0.049s,Bytes: 2730,Queue: 12"
"Time: 0.05s,Bytes: 2647,Queue: 11"
"Time: 0.05s,Bytes: 3149,Queue: 10"
"Time: 0.051s,Bytes: 1273,Queue: 9"
"Time: 0.052s,Bytes: 4280,Queue: 8"
"Time: 0.052s,Bytes: 5805,Queue: 7"
"Time: 0.053s,Bytes: 1814,Queue: 6"
"Time: 0.054s,Bytes: 1092,Queue: 5"
"Time: 0.093s,Bytes: 1568,Queue: 30"
"Time: 0.093s,Bytes: 6390,Queue: 29"
"Time: 0.093s,Bytes: 3027,Queue: 28"
"Time: 0.094s,Bytes: 3163,Queue: 27"
"Time: 0.027s,Bytes: 3278,Queue: 26"
"Time: 0.029s,Bytes: 4011,Queue: 25"
"Time: 0.03s,Bytes: 2446,Queue: 24"
"Time: 0.03s,Bytes: 7524,Queue: 23"
"Time: 0.032s,Bytes: 3034,Queue: 22"
"Time: 0.032s,Bytes: 3025,Queue: 21"
"Time: 0.033s,Bytes: 3735,Queue: 20"
"Time: 0.033s,Bytes: 4338,Queue: 19"
"Time: 0.034s,Bytes: 3944,Queue: 18"
"Time: 0.035s,Bytes: 2399,Queue: 17"
"Time: 0.035s,Bytes: 3545,Queue: 16"
"Time: 0.036s,Bytes: 2743,Queue: 15"
"Time: 0.036s,Bytes: 2723,Queue: 14"
"Time: 0.037s,Bytes: 3169,Queue: 13"
"Time: 0.038s,Bytes: 4470,Queue: 12"
"Time: 0.038s,Bytes: 5387,Queue: 11"
"Time: 0.039s,Bytes: 2500,Queue: 10"
"Time: 0.04s,Bytes: 3172,Queue: 9"
"Time: 0.04s,Bytes: 4307,Queue: 8"
"Time: 0.041s,Bytes: 3918,Queue: 7"
"Time: 0.042s,Bytes: 4974,Queue: 6"
"Time: 0.042s,Bytes: 6637,Queue: 5"
"Time: 0.043s,Bytes: 2154,Queue: 4"
"Time: 0.044s,Bytes: 3467,Queue: 3"
"Time: 0.045s,Bytes: 2603,Queue: 2"
"Time: 0.046s,Bytes: 3746,Queue: 1"
"Time: 0.007s,Bytes: 12136,Queue: 2"
"Time: 0.008s,Bytes: 20187,Queue: 1"
"Time: 0.007s,Bytes: 7359,Queue: 2"
"Time: 0.008s,Bytes: 10326,Queue: 1"
"Time: 0.036s,Bytes: 4210,Queue: 9"
"Time: 0.037s,Bytes: 4024,Queue: 8"
"Time: 0.037s,Bytes: 6102,Queue: 7"
"Time: 0.038s,Bytes: 3940,Queue: 6"
"Time: 0.039s,Bytes: 5873,Queue: 5"
"Time: 0.04s,Bytes: 1371,Queue: 4"
"Time: 0.04s,Bytes: 4671,Queue: 3"
"Time: 0.041s,Bytes: 1914,Queue: 2"
"Time: 0.041s,Bytes: 21250,Queue: 1"
"Time: 0.085s,Bytes: 6390,Queue: 39"
"Time: 0.085s,Bytes: 3254,Queue: 38"
"Time: 0.085s,Bytes: 3576,Queue: 37"
"Time: 0.086s,Bytes: 1453,Queue: 36"
"Time: 0.086s,Bytes: 6804,Queue: 35"
"Time: 0.086s,Bytes: 3306,Queue: 34"
"Time: 0.086s,Bytes: 4701,Queue: 33"
"Time: 0.086s,Bytes: 3507,Queue: 32"
"Time: 0.086s,Bytes: 1561,Queue: 31"
"Time: 0.086s,Bytes: 3027,Queue: 30"
"Time: 0.087s,Bytes: 2806,Queue: 29"
"Time: 0.087s,Bytes: 1568,Queue: 28"
"Time: 0.087s,Bytes: 3163,Queue: 27"
"Time: 0.087s,Bytes: 1538,Queue: 26"
"Time: 0.087s,Bytes: 3332,Queue: 25"
"Time: 0.087s,Bytes: 3315,Queue: 24"
"Time: 0.087s,Bytes: 4311,Queue: 23"
"Time: 0.028s,Bytes: 4338,Queue: 22"
"Time: 0.029s,Bytes: 3278,Queue: 21"
"Time: 0.03s,Bytes: 3918,Queue: 20"
"Time: 0.03s,Bytes: 2446,Queue: 19"
"Time: 0.031s,Bytes: 4011,Queue: 18"
"Time: 0.031s,Bytes: 2399,Queue: 17"
"Time: 0.032s,Bytes: 3944,Queue: 16"
"Time: 0.032s,Bytes: 6637,Queue: 15"
"Time: 0.033s,Bytes: 3172,Queue: 14"
"Time: 0.034s,Bytes: 3025,Queue: 13"
"Time: 0.034s,Bytes: 7524,Queue: 12"
"Time: 0.035s,Bytes: 3467,Queue: 11"
"Time: 0.036s,Bytes: 3169,Queue: 10"
"Time: 0.037s,Bytes: 2603,Queue: 9"
"Time: 0.038s,Bytes: 4307,Queue: 8"
"Time: 0.039s,Bytes: 2154,Queue: 7"
"Time: 0.04s,Bytes: 4470,Queue: 6"
"Time: 0.04s,Bytes: 2743,Queue: 5"
"Time: 0.041s,Bytes: 3735,Queue: 4"
"Time: 0.041s,Bytes: 4974,Queue: 3"
"Time: 0.042s,Bytes: 5387,Queue: 2"
"Time: 0.043s,Bytes: 3746,Queue: 1"
"Time: 0.017s,Bytes: 12136,Queue: 3"
"Time: 0.017s,Bytes: 20187,Queue: 2"
"Time: 0.004s,Bytes: 7359,Queue: 1"
"Time: 0.03s,Bytes: 3034,Queue: 13"
"Time: 0.03s,Bytes: 2723,Queue: 12"
"Time: 0.031s,Bytes: 3940,Queue: 11"
"Time: 0.033s,Bytes: 4210,Queue: 10"
"Time: 0.034s,Bytes: 1914,Queue: 9"
"Time: 0.04s,Bytes: 1371,Queue: 8"
"Time: 0.041s,Bytes: 2500,Queue: 7"
"Time: 0.041s,Bytes: 3545,Queue: 6"
"Time: 0.017s,Bytes: 5873,Queue: 5"
"Time: 0.017s,Bytes: 4024,Queue: 4"
"Time: 0.018s,Bytes: 6102,Queue: 3"
"Time: 0.019s,Bytes: 21250,Queue: 2"
"Time: 0.023s,Bytes: 4671,Queue: 1"
"Time: 0.003s,Bytes: null,Queue: 8"
"Time: 0.003s,Bytes: null,Queue: 8"
"Time: 0.003s,Bytes: null,Queue: 8"
"Time: 0.003s,Bytes: null,Queue: 8"
"Time: 0.003s,Bytes: null,Queue: 7"
"Time: 0.004s,Bytes: null,Queue: 6"
"Time: 0.004s,Bytes: null,Queue: 6"
"Time: 0.004s,Bytes: null,Queue: 5"
"Time: 0.001s,Bytes: null,Queue: 5"
"Time: 0.003s,Bytes: null,Queue: 5"
"Time: 0.004s,Bytes: null,Queue: 6"
"Time: 0.002s,Bytes: null,Queue: 6"
"Time: 0.001s,Bytes: null,Queue: 5"
"Time: 0.001s,Bytes: null,Queue: 4"
"Time: 0.02s,Bytes: 4708,Queue: 5"
"Time: 0.021s,Bytes: 6491,Queue: 4"
"Time: 0.018s,Bytes: 12156,Queue: 3"
"Time: 0.029s,Bytes: 12136,Queue: 6"
"Time: 0.031s,Bytes: 20187,Queue: 5"
"Time: 0.036s,Bytes: 51360,Queue: 4"
"Time: 0.039s,Bytes: 79128,Queue: 3"
"Time: 0.05s,Bytes: 24662,Queue: 2"
"Time: 0.052s,Bytes: 37348,Queue: 1"
"Time: 0.003s,Bytes: 20187,Queue: 2"
"Time: 0.013s,Bytes: 12136,Queue: 2"
"Time: 0.005s,Bytes: 10326,Queue: 1"
"Time: 0.029s,Bytes: null,Queue: 5"
"Time: 0.029s,Bytes: null,Queue: 5"
"Time: 0.029s,Bytes: null,Queue: 4"
"Time: 0.029s,Bytes: null,Queue: 4"
"Time: 0.029s,Bytes: null,Queue: 3"
"Time: 0.009s,Bytes: null,Queue: 3"
"Time: 0.01s,Bytes: 6491,Queue: 2"
"Time: 0.01s,Bytes: 4708,Queue: 1"
"Time: 0.02s,Bytes: 27441,Queue: 3"
"Time: 0.03s,Bytes: 12136,Queue: 2"
"Time: 0.034s,Bytes: 12156,Queue: 1"
"Time: 0.006s,Bytes: 117862,Queue: 6"
"Time: 0.044s,Bytes: 111455,Queue: 5"
"Time: 0.054s,Bytes: 110538,Queue: 4"
"Time: 0.066s,Bytes: 63090,Queue: 3"
"Time: 0.086s,Bytes: 86925,Queue: 2"
"Time: 0.086s,Bytes: 65010,Queue: 1"
"Time: 0.016s,Bytes: 65010,Queue: 2"
"Time: 0.023s,Bytes: 86925,Queue: 1"
"Time: 0.056s,Bytes: 41203,Queue: 4"
"Time: 0.056s,Bytes: 46801,Queue: 3"
"Time: 0.057s,Bytes: 69489,Queue: 2"
"Time: 0.057s,Bytes: 30650,Queue: 1"
"Time: 0.003s,Bytes: 33379,Queue: 6"
"Time: 0.006s,Bytes: 62705,Queue: 5"
"Time: 0.01s,Bytes: 37884,Queue: 4"
"Time: 0.014s,Bytes: 71162,Queue: 3"
"Time: 0.019s,Bytes: 104570,Queue: 2"
"Time: 0.032s,Bytes: 88592,Queue: 1"
"Time: 0.002s,Bytes: 99668,Queue: 6"
"Time: 0.008s,Bytes: 46695,Queue: 5"
"Time: 0.01s,Bytes: 103358,Queue: 4"
"Time: 0.019s,Bytes: 29006,Queue: 3"
"Time: 0.021s,Bytes: 29724,Queue: 2"
"Time: 0.022s,Bytes: 21406,Queue: 1"
"Time: 0.029s,Bytes: 41529,Queue: 9"
"Time: 0.035s,Bytes: 29752,Queue: 8"
"Time: 0.037s,Bytes: 88780,Queue: 7"
"Time: 0.044s,Bytes: 40936,Queue: 6"
"Time: 0.046s,Bytes: 60326,Queue: 5"
"Time: 0.055s,Bytes: 112451,Queue: 4"
"Time: 0.066s,Bytes: 4599,Queue: 3"
"Time: 0.066s,Bytes: 1233,Queue: 2"
"Time: 0.066s,Bytes: 9951,Queue: 1"
"Time: 0.009s,Bytes: null,Queue: 6"
"Time: 0.01s,Bytes: null,Queue: 6"
"Time: 0.011s,Bytes: null,Queue: 6"
"Time: 0.011s,Bytes: null,Queue: 6"
"Time: 0.012s,Bytes: null,Queue: 6"
"Time: 0.012s,Bytes: null,Queue: 6"
"Time: 0.006s,Bytes: null,Queue: 6"
"Time: 0.006s,Bytes: null,Queue: 5"
"Time: 0.006s,Bytes: null,Queue: 4"
"Time: 0.006s,Bytes: null,Queue: 3"
"Time: 0.005s,Bytes: null,Queue: 2"
"Time: 0.001s,Bytes: null,Queue: 1"
"Time: 0.013s,Bytes: 9951,Queue: 3"
"Time: 0.015s,Bytes: 4599,Queue: 2"
"Time: 0.017s,Bytes: 1233,Queue: 1"
"Time: 0.002s,Bytes: 34639,Queue: 8"
"Time: 0.004s,Bytes: 68065,Queue: 7"
"Time: 0.01s,Bytes: 72542,Queue: 6"
"Time: 0.013s,Bytes: 147964,Queue: 5"
"Time: 0.02s,Bytes: 57216,Queue: 4"
"Time: 0.023s,Bytes: 41562,Queue: 3"
"Time: 0.023s,Bytes: 171114,Queue: 2"
"Time: 0.031s,Bytes: 127996,Queue: 1"
"Time: 0.001s,Bytes: 81695,Queue: 3"
"Time: 0.007s,Bytes: 79008,Queue: 2"
"Time: 0.014s,Bytes: 63002,Queue: 1"
"Time: 0.008s,Bytes: null,Queue: 4"
"Time: 0.011s,Bytes: null,Queue: 4"
"Time: 0.016s,Bytes: null,Queue: 4"
"Time: 0.015s,Bytes: null,Queue: 4"
"Time: 0.011s,Bytes: null,Queue: 3"
"Time: 0.007s,Bytes: null,Queue: 2"
"Time: 0.029s,Bytes: 69489,Queue: 1"
"Time: 0.001s,Bytes: null,Queue: 8"
"Time: 0.004s,Bytes: null,Queue: 8"
"Time: 0.005s,Bytes: null,Queue: 8"
"Time: 0.007s,Bytes: null,Queue: 8"
"Time: 0.009s,Bytes: null,Queue: 8"
"Time: 0.011s,Bytes: null,Queue: 8"
"Time: 0.012s,Bytes: null,Queue: 8"
"Time: 0.013s,Bytes: null,Queue: 8"
"Time: 0.011s,Bytes: null,Queue: 8"
"Time: 0.01s,Bytes: null,Queue: 7"
"Time: 0.009s,Bytes: null,Queue: 6"
"Time: 0.007s,Bytes: null,Queue: 5"
"Time: 0.005s,Bytes: null,Queue: 4"
"Time: 0.004s,Bytes: null,Queue: 3"
"Time: 0.003s,Bytes: null,Queue: 2"
"Time: 0.001s,Bytes: null,Queue: 1"
"Time: 0.001s,Bytes: null,Queue: 8"
"Time: 0.026s,Bytes: null,Queue: 8"
"Time: 0.039s,Bytes: null,Queue: 8"
"Time: 0.044s,Bytes: null,Queue: 8"
"Time: 0.047s,Bytes: null,Queue: 8"
"Time: 0.052s,Bytes: null,Queue: 8"
"Time: 0.055s,Bytes: null,Queue: 8"
"Time: 0.057s,Bytes: null,Queue: 8"
"Time: 0.037s,Bytes: null,Queue: 8"
"Time: 0.024s,Bytes: null,Queue: 7"
"Time: 0.019s,Bytes: null,Queue: 6"
"Time: 0.017s,Bytes: null,Queue: 5"
"Time: 0.012s,Bytes: null,Queue: 4"
"Time: 0.009s,Bytes: null,Queue: 3"
"Time: 0.008s,Bytes: null,Queue: 2"
"Time: 0.01s,Bytes: null,Queue: 1"
"Time: 0.0s,Bytes: null,Queue: 3"
"Time: 0.0s,Bytes: null,Queue: 3"
"Time: 0.001s,Bytes: null,Queue: 2"
"Time: 0.0s,Bytes: null,Queue: 2"
"Time: 0.005s,Bytes: null,Queue: 3"
"Time: 0.003s,Bytes: null,Queue: 3"
"Time: 0.002s,Bytes: null,Queue: 2"
"Time: 0.001s,Bytes: null,Queue: 1"
"Time: 0.004s,Bytes: null,Queue: 72"
"Time: 0.005s,Bytes: null,Queue: 72"
"Time: 0.005s,Bytes: null,Queue: 72"
"Time: 0.005s,Bytes: null,Queue: 71"
"Time: 0.005s,Bytes: null,Queue: 70"
"Time: 0.005s,Bytes: null,Queue: 70"
"Time: 0.005s,Bytes: null,Queue: 69"
"Time: 0.006s,Bytes: null,Queue: 69"
"Time: 0.006s,Bytes: null,Queue: 68"
"Time: 0.006s,Bytes: null,Queue: 68"
"Time: 0.006s,Bytes: null,Queue: 68"
"Time: 0.006s,Bytes: null,Queue: 67"
"Time: 0.009s,Bytes: null,Queue: 67"
"Time: 0.01s,Bytes: null,Queue: 67"
"Time: 0.011s,Bytes: null,Queue: 67"
"Time: 0.012s,Bytes: null,Queue: 67"
"Time: 0.014s,Bytes: null,Queue: 67"
"Time: 0.015s,Bytes: null,Queue: 67"
"Time: 0.015s,Bytes: null,Queue: 67"
"Time: 0.016s,Bytes: null,Queue: 66"
"Time: 0.016s,Bytes: null,Queue: 65"
"Time: 0.021s,Bytes: null,Queue: 65"
"Time: 0.028s,Bytes: null,Queue: 65"
"Time: 0.029s,Bytes: null,Queue: 65"
"Time: 0.03s,Bytes: null,Queue: 65"
"Time: 0.031s,Bytes: null,Queue: 65"
"Time: 0.031s,Bytes: null,Queue: 65"
"Time: 0.032s,Bytes: null,Queue: 64"
"Time: 0.032s,Bytes: null,Queue: 64"
"Time: 0.032s,Bytes: null,Queue: 63"
"Time: 0.038s,Bytes: null,Queue: 63"
"Time: 0.045s,Bytes: null,Queue: 63"
"Time: 0.047s,Bytes: null,Queue: 63"
"Time: 0.048s,Bytes: null,Queue: 63"
"Time: 0.049s,Bytes: null,Queue: 63"
"Time: 0.049s,Bytes: null,Queue: 63"
"Time: 0.052s,Bytes: null,Queue: 63"
"Time: 0.052s,Bytes: null,Queue: 62"
"Time: 0.056s,Bytes: null,Queue: 62"
"Time: 0.062s,Bytes: null,Queue: 62"
"Time: 0.062s,Bytes: null,Queue: 61"
"Time: 0.066s,Bytes: null,Queue: 61"
"Time: 0.068s,Bytes: null,Queue: 61"
"Time: 0.068s,Bytes: null,Queue: 61"
"Time: 0.069s,Bytes: null,Queue: 61"
"Time: 0.07s,Bytes: null,Queue: 61"
"Time: 0.07s,Bytes: null,Queue: 61"
"Time: 0.07s,Bytes: null,Queue: 60"
"Time: 0.072s,Bytes: null,Queue: 60"
"Time: 0.074s,Bytes: null,Queue: 60"
"Time: 0.08s,Bytes: null,Queue: 60"
"Time: 0.081s,Bytes: null,Queue: 60"
"Time: 0.082s,Bytes: null,Queue: 60"
"Time: 0.083s,Bytes: null,Queue: 60"
"Time: 0.086s,Bytes: null,Queue: 60"
"Time: 0.086s,Bytes: null,Queue: 59"
"Time: 0.087s,Bytes: null,Queue: 59"
"Time: 0.087s,Bytes: null,Queue: 58"
"Time: 0.088s,Bytes: null,Queue: 58"
"Time: 0.091s,Bytes: null,Queue: 58"
"Time: 0.092s,Bytes: null,Queue: 58"
"Time: 0.093s,Bytes: null,Queue: 58"
"Time: 0.095s,Bytes: null,Queue: 58"
"Time: 0.096s,Bytes: null,Queue: 58"
"Time: 0.096s,Bytes: null,Queue: 58"
"Time: 0.096s,Bytes: null,Queue: 58"
"Time: 0.096s,Bytes: null,Queue: 57"
"Time: 0.096s,Bytes: null,Queue: 56"
"Time: 0.097s,Bytes: null,Queue: 56"
"Time: 0.097s,Bytes: null,Queue: 55"
"Time: 0.097s,Bytes: null,Queue: 55"
"Time: 0.097s,Bytes: null,Queue: 54"
"Time: 0.137s,Bytes: null,Queue: 164"
"Time: 0.137s,Bytes: null,Queue: 163"
"Time: 0.137s,Bytes: null,Queue: 162"
"Time: 0.137s,Bytes: null,Queue: 161"
"Time: 0.137s,Bytes: null,Queue: 160"
"Time: 0.136s,Bytes: null,Queue: 159"
"Time: 0.134s,Bytes: null,Queue: 158"
"Time: 0.133s,Bytes: null,Queue: 157"
"Time: 0.133s,Bytes: null,Queue: 156"
"Time: 0.132s,Bytes: null,Queue: 155"
"Time: 0.13s,Bytes: null,Queue: 154"
"Time: 0.129s,Bytes: null,Queue: 153"
"Time: 0.129s,Bytes: null,Queue: 152"
"Time: 0.125s,Bytes: null,Queue: 151"
"Time: 0.118s,Bytes: null,Queue: 150"
"Time: 0.116s,Bytes: null,Queue: 149"
"Time: 0.116s,Bytes: null,Queue: 148"
"Time: 0.115s,Bytes: null,Queue: 147"
"Time: 0.115s,Bytes: null,Queue: 146"
"Time: 0.114s,Bytes: null,Queue: 145"
"Time: 0.109s,Bytes: null,Queue: 144"
"Time: 0.102s,Bytes: null,Queue: 143"
"Time: 0.099s,Bytes: null,Queue: 142"
"Time: 0.099s,Bytes: null,Queue: 141"
"Time: 0.098s,Bytes: null,Queue: 140"
"Time: 0.098s,Bytes: null,Queue: 139"
"Time: 0.095s,Bytes: null,Queue: 138"
"Time: 0.092s,Bytes: null,Queue: 137"
"Time: 0.085s,Bytes: null,Queue: 136"
"Time: 0.082s,Bytes: null,Queue: 135"
"Time: 0.08s,Bytes: null,Queue: 134"
"Time: 0.079s,Bytes: null,Queue: 133"
"Time: 0.078s,Bytes: null,Queue: 132"
"Time: 0.078s,Bytes: null,Queue: 131"
"Time: 0.078s,Bytes: null,Queue: 130"
"Time: 0.077s,Bytes: null,Queue: 129"
"Time: 0.074s,Bytes: null,Queue: 128"
"Time: 0.069s,Bytes: null,Queue: 127"
"Time: 0.068s,Bytes: null,Queue: 126"
"Time: 0.067s,Bytes: null,Queue: 125"
"Time: 0.066s,Bytes: null,Queue: 124"
"Time: 0.063s,Bytes: null,Queue: 123"
"Time: 0.062s,Bytes: null,Queue: 122"
"Time: 0.061s,Bytes: null,Queue: 121"
"Time: 0.058s,Bytes: null,Queue: 120"
"Time: 0.057s,Bytes: null,Queue: 119"
"Time: 0.056s,Bytes: null,Queue: 118"
"Time: 0.055s,Bytes: null,Queue: 117"
"Time: 0.054s,Bytes: null,Queue: 116"
"Time: 0.054s,Bytes: null,Queue: 115"
"Time: 0.054s,Bytes: null,Queue: 114"
"Time: 0.054s,Bytes: null,Queue: 113"
"Time: 0.053s,Bytes: null,Queue: 112"
"Time: 0.053s,Bytes: null,Queue: 111"
"Time: 0.015s,Bytes: null,Queue: 110"
"Time: 0.015s,Bytes: null,Queue: 110"
"Time: 0.015s,Bytes: null,Queue: 110"
"Time: 0.015s,Bytes: null,Queue: 109"
"Time: 0.015s,Bytes: null,Queue: 109"
"Time: 0.015s,Bytes: null,Queue: 108"
"Time: 0.016s,Bytes: null,Queue: 108"
"Time: 0.016s,Bytes: null,Queue: 108"
"Time: 0.016s,Bytes: null,Queue: 108"
"Time: 0.016s,Bytes: null,Queue: 107"
"Time: 0.016s,Bytes: null,Queue: 106"
"Time: 0.016s,Bytes: null,Queue: 105"
"Time: 0.017s,Bytes: null,Queue: 104"
"Time: 0.017s,Bytes: null,Queue: 103"
"Time: 0.017s,Bytes: null,Queue: 102"
"Time: 0.017s,Bytes: null,Queue: 101"
"Time: 0.017s,Bytes: null,Queue: 100"
"Time: 0.017s,Bytes: null,Queue: 99"
"Time: 0.017s,Bytes: null,Queue: 98"
"Time: 0.018s,Bytes: null,Queue: 98"
"Time: 0.018s,Bytes: null,Queue: 97"
"Time: 0.018s,Bytes: null,Queue: 97"
"Time: 0.018s,Bytes: null,Queue: 96"
"Time: 0.018s,Bytes: null,Queue: 95"
"Time: 0.018s,Bytes: null,Queue: 95"
"Time: 0.018s,Bytes: null,Queue: 94"
"Time: 0.019s,Bytes: null,Queue: 93"
"Time: 0.019s,Bytes: null,Queue: 92"
"Time: 0.019s,Bytes: null,Queue: 92"
"Time: 0.019s,Bytes: null,Queue: 91"
"Time: 0.019s,Bytes: null,Queue: 91"
"Time: 0.019s,Bytes: null,Queue: 91"
"Time: 0.019s,Bytes: null,Queue: 90"
"Time: 0.02s,Bytes: null,Queue: 89"
"Time: 0.02s,Bytes: null,Queue: 88"
"Time: 0.02s,Bytes: null,Queue: 87"
"Time: 0.02s,Bytes: null,Queue: 86"
"Time: 0.02s,Bytes: null,Queue: 85"
"Time: 0.02s,Bytes: null,Queue: 84"
"Time: 0.02s,Bytes: null,Queue: 83"
"Time: 0.021s,Bytes: null,Queue: 82"
"Time: 0.021s,Bytes: null,Queue: 81"
"Time: 0.021s,Bytes: null,Queue: 80"
"Time: 0.021s,Bytes: null,Queue: 79"
"Time: 0.021s,Bytes: null,Queue: 79"
"Time: 0.021s,Bytes: null,Queue: 79"
"Time: 0.021s,Bytes: null,Queue: 78"
"Time: 0.022s,Bytes: null,Queue: 77"
"Time: 0.022s,Bytes: null,Queue: 77"
"Time: 0.022s,Bytes: null,Queue: 76"
"Time: 0.022s,Bytes: null,Queue: 76"
"Time: 0.022s,Bytes: null,Queue: 75"
"Time: 0.022s,Bytes: null,Queue: 75"
"Time: 0.022s,Bytes: null,Queue: 74"
"Time: 0.023s,Bytes: null,Queue: 74"
"Time: 0.023s,Bytes: null,Queue: 73"
"Time: 0.023s,Bytes: null,Queue: 72"
"Time: 0.023s,Bytes: null,Queue: 71"
"Time: 0.023s,Bytes: null,Queue: 70"
"Time: 0.023s,Bytes: null,Queue: 69"
"Time: 0.023s,Bytes: null,Queue: 68"
"Time: 0.024s,Bytes: null,Queue: 67"
"Time: 0.024s,Bytes: null,Queue: 66"
"Time: 0.024s,Bytes: null,Queue: 65"
"Time: 0.024s,Bytes: null,Queue: 64"
"Time: 0.024s,Bytes: null,Queue: 64"
"Time: 0.024s,Bytes: null,Queue: 63"
"Time: 0.024s,Bytes: null,Queue: 63"
"Time: 0.025s,Bytes: null,Queue: 63"
"Time: 0.025s,Bytes: null,Queue: 63"
"Time: 0.025s,Bytes: null,Queue: 62"
"Time: 0.025s,Bytes: null,Queue: 61"
"Time: 0.025s,Bytes: null,Queue: 61"
"Time: 0.025s,Bytes: null,Queue: 61"
"Time: 0.026s,Bytes: null,Queue: 61"
"Time: 0.026s,Bytes: null,Queue: 60"
"Time: 0.026s,Bytes: null,Queue: 60"
"Time: 0.026s,Bytes: null,Queue: 59"
"Time: 0.026s,Bytes: null,Queue: 59"
"Time: 0.026s,Bytes: null,Queue: 59"
"Time: 0.027s,Bytes: null,Queue: 58"
"Time: 0.027s,Bytes: null,Queue: 57"
"Time: 0.027s,Bytes: null,Queue: 56"
"Time: 0.027s,Bytes: null,Queue: 55"
"Time: 0.027s,Bytes: null,Queue: 54"
"Time: 0.027s,Bytes: null,Queue: 53"
"Time: 0.027s,Bytes: null,Queue: 52"
"Time: 0.027s,Bytes: null,Queue: 51"
"Time: 0.028s,Bytes: null,Queue: 50"
"Time: 0.028s,Bytes: null,Queue: 49"
"Time: 0.028s,Bytes: null,Queue: 48"
"Time: 0.028s,Bytes: null,Queue: 48"
"Time: 0.028s,Bytes: null,Queue: 48"
"Time: 0.028s,Bytes: null,Queue: 47"
"Time: 0.028s,Bytes: null,Queue: 46"
"Time: 0.029s,Bytes: null,Queue: 45"
"Time: 0.029s,Bytes: null,Queue: 44"
"Time: 0.029s,Bytes: null,Queue: 43"
"Time: 0.029s,Bytes: null,Queue: 42"
"Time: 0.029s,Bytes: null,Queue: 41"
"Time: 0.029s,Bytes: null,Queue: 40"
"Time: 0.029s,Bytes: null,Queue: 39"
"Time: 0.03s,Bytes: null,Queue: 38"
"Time: 0.03s,Bytes: null,Queue: 37"
"Time: 0.03s,Bytes: null,Queue: 36"
"Time: 0.03s,Bytes: null,Queue: 35"
"Time: 0.03s,Bytes: null,Queue: 34"
"Time: 0.03s,Bytes: null,Queue: 33"
"Time: 0.03s,Bytes: null,Queue: 32"
"Time: 0.03s,Bytes: null,Queue: 31"
"Time: 0.026s,Bytes: null,Queue: 30"
"Time: 0.027s,Bytes: null,Queue: 30"
"Time: 0.039s,Bytes: null,Queue: 33"
"Time: 0.05s,Bytes: null,Queue: 36"
"Time: 0.053s,Bytes: null,Queue: 39"
"Time: 0.056s,Bytes: null,Queue: 42"
"Time: 0.057s,Bytes: null,Queue: 45"
"Time: 0.057s,Bytes: null,Queue: 45"
"Time: 0.066s,Bytes: null,Queue: 48"
"Time: 0.078s,Bytes: null,Queue: 51"
"Time: 0.084s,Bytes: null,Queue: 54"
"Time: 0.087s,Bytes: null,Queue: 57"
"Time: 0.087s,Bytes: null,Queue: 60"
"Time: 0.087s,Bytes: null,Queue: 59"
"Time: 0.095s,Bytes: null,Queue: 62"
"Time: 0.106s,Bytes: null,Queue: 65"
"Time: 0.114s,Bytes: null,Queue: 68"
"Time: 0.119s,Bytes: null,Queue: 71"
"Time: 0.12s,Bytes: null,Queue: 74"
"Time: 0.125s,Bytes: null,Queue: 77"
"Time: 0.128s,Bytes: null,Queue: 80"
"Time: 0.132s,Bytes: null,Queue: 83"
"Time: 0.132s,Bytes: null,Queue: 83"
"Time: 0.135s,Bytes: null,Queue: 86"
"Time: 0.14s,Bytes: null,Queue: 89"
"Time: 0.144s,Bytes: null,Queue: 92"
"Time: 0.147s,Bytes: null,Queue: 95"
"Time: 0.147s,Bytes: null,Queue: 94"
"Time: 0.148s,Bytes: null,Queue: 97"
"Time: 0.151s,Bytes: null,Queue: 100"
"Time: 0.144s,Bytes: null,Queue: 103"
"Time: 0.138s,Bytes: null,Queue: 103"
"Time: 0.137s,Bytes: null,Queue: 102"
"Time: 0.135s,Bytes: null,Queue: 101"
"Time: 0.134s,Bytes: null,Queue: 100"
"Time: 0.128s,Bytes: null,Queue: 99"
"Time: 0.126s,Bytes: null,Queue: 98"
"Time: 0.125s,Bytes: null,Queue: 97"
"Time: 0.124s,Bytes: null,Queue: 96"
"Time: 0.122s,Bytes: null,Queue: 95"
"Time: 0.121s,Bytes: null,Queue: 94"
"Time: 0.121s,Bytes: null,Queue: 93"
"Time: 0.121s,Bytes: null,Queue: 92"
"Time: 0.12s,Bytes: null,Queue: 91"
"Time: 0.119s,Bytes: null,Queue: 90"
"Time: 0.119s,Bytes: null,Queue: 89"
"Time: 0.119s,Bytes: null,Queue: 88"
"Time: 0.118s,Bytes: null,Queue: 87"
"Time: 0.118s,Bytes: null,Queue: 86"
"Time: 0.117s,Bytes: null,Queue: 85"
"Time: 0.117s,Bytes: null,Queue: 84"
"Time: 0.11s,Bytes: null,Queue: 83"
"Time: 0.108s,Bytes: null,Queue: 82"
"Time: 0.108s,Bytes: null,Queue: 81"
"Time: 0.118s,Bytes: null,Queue: 80"
"Time: 0.119s,Bytes: null,Queue: 83"
"Time: 0.107s,Bytes: null,Queue: 82"
"Time: 0.104s,Bytes: null,Queue: 81"
"Time: 0.103s,Bytes: null,Queue: 80"
"Time: 0.101s,Bytes: null,Queue: 79"
"Time: 0.098s,Bytes: null,Queue: 78"
"Time: 0.097s,Bytes: null,Queue: 77"
"Time: 0.096s,Bytes: null,Queue: 76"
"Time: 0.096s,Bytes: null,Queue: 75"
"Time: 0.094s,Bytes: null,Queue: 74"
"Time: 0.093s,Bytes: null,Queue: 73"
"Time: 0.093s,Bytes: null,Queue: 72"
"Time: 0.092s,Bytes: null,Queue: 71"
"Time: 0.092s,Bytes: null,Queue: 70"
"Time: 0.091s,Bytes: null,Queue: 69"
"Time: 0.091s,Bytes: null,Queue: 68"
"Time: 0.091s,Bytes: null,Queue: 67"
"Time: 0.087s,Bytes: null,Queue: 66"
"Time: 0.085s,Bytes: null,Queue: 65"
"Time: 0.083s,Bytes: null,Queue: 64"
"Time: 0.083s,Bytes: null,Queue: 63"
"Time: 0.078s,Bytes: null,Queue: 62"
"Time: 0.076s,Bytes: null,Queue: 61"
"Time: 0.074s,Bytes: null,Queue: 60"
"Time: 0.072s,Bytes: null,Queue: 59"
"Time: 0.069s,Bytes: null,Queue: 58"
"Time: 0.067s,Bytes: null,Queue: 57"
"Time: 0.065s,Bytes: null,Queue: 56"
"Time: 0.065s,Bytes: null,Queue: 55"
"Time: 0.062s,Bytes: null,Queue: 54"
"Time: 0.061s,Bytes: null,Queue: 53"
"Time: 0.06s,Bytes: null,Queue: 52"
"Time: 0.06s,Bytes: null,Queue: 51"
"Time: 0.059s,Bytes: null,Queue: 50"
"Time: 0.059s,Bytes: null,Queue: 49"
"Time: 0.058s,Bytes: null,Queue: 48"
"Time: 0.058s,Bytes: null,Queue: 47"
"Time: 0.055s,Bytes: null,Queue: 46"
"Time: 0.054s,Bytes: null,Queue: 45"
"Time: 0.053s,Bytes: null,Queue: 44"
"Time: 0.053s,Bytes: null,Queue: 43"
"Time: 0.051s,Bytes: null,Queue: 42"
"Time: 0.051s,Bytes: null,Queue: 41"
"Time: 0.05s,Bytes: null,Queue: 40"
"Time: 0.05s,Bytes: null,Queue: 39"
"Time: 0.048s,Bytes: null,Queue: 38"
"Time: 0.048s,Bytes: null,Queue: 37"
"Time: 0.047s,Bytes: null,Queue: 36"
"Time: 0.046s,Bytes: null,Queue: 35"
"Time: 0.046s,Bytes: null,Queue: 34"
"Time: 0.047s,Bytes: null,Queue: 37"
"Time: 0.046s,Bytes: null,Queue: 36"
"Time: 0.045s,Bytes: null,Queue: 35"
"Time: 0.045s,Bytes: null,Queue: 34"
"Time: 0.043s,Bytes: null,Queue: 33"
"Time: 0.042s,Bytes: null,Queue: 32"
"Time: 0.042s,Bytes: null,Queue: 31"
"Time: 0.04s,Bytes: null,Queue: 30"
"Time: 0.038s,Bytes: null,Queue: 29"
"Time: 0.038s,Bytes: null,Queue: 28"
"Time: 0.037s,Bytes: null,Queue: 27"
"Time: 0.037s,Bytes: null,Queue: 26"
"Time: 0.036s,Bytes: null,Queue: 25"
"Time: 0.035s,Bytes: null,Queue: 24"
"Time: 0.035s,Bytes: null,Queue: 23"
"Time: 0.034s,Bytes: null,Queue: 22"
"Time: 0.033s,Bytes: null,Queue: 21"
"Time: 0.032s,Bytes: null,Queue: 20"
"Time: 0.032s,Bytes: null,Queue: 19"
"Time: 0.032s,Bytes: null,Queue: 18"
"Time: 0.03s,Bytes: null,Queue: 17"
"Time: 0.03s,Bytes: null,Queue: 16"
"Time: 0.029s,Bytes: null,Queue: 15"
"Time: 0.029s,Bytes: null,Queue: 14"
"Time: 0.026s,Bytes: null,Queue: 13"
"Time: 0.025s,Bytes: null,Queue: 12"
"Time: 0.024s,Bytes: null,Queue: 11"
"Time: 0.047s,Bytes: null,Queue: 10"
"Time: 0.047s,Bytes: null,Queue: 9"
"Time: 0.041s,Bytes: null,Queue: 10"
"Time: 0.041s,Bytes: null,Queue: 9"
"Time: 0.04s,Bytes: null,Queue: 8"
"Time: 0.04s,Bytes: null,Queue: 7"
"Time: 0.035s,Bytes: null,Queue: 6"
"Time: 0.035s,Bytes: null,Queue: 5"
"Time: 0.035s,Bytes: null,Queue: 4"
"Time: 0.036s,Bytes: null,Queue: 3"
"Time: 0.008s,Bytes: null,Queue: 2"
"Time: 0.008s,Bytes: null,Queue: 1"
"Time: 0.037s,Bytes: null,Queue: 57"
"Time: 0.038s,Bytes: null,Queue: 57"
"Time: 0.038s,Bytes: null,Queue: 56"
"Time: 0.038s,Bytes: null,Queue: 56"
"Time: 0.038s,Bytes: null,Queue: 55"
"Time: 0.038s,Bytes: null,Queue: 54"
"Time: 0.043s,Bytes: null,Queue: 53"
"Time: 0.049s,Bytes: null,Queue: 52"
"Time: 0.051s,Bytes: null,Queue: 51"
"Time: 0.051s,Bytes: null,Queue: 50"
"Time: 0.052s,Bytes: null,Queue: 50"
"Time: 0.052s,Bytes: null,Queue: 49"
"Time: 0.056s,Bytes: null,Queue: 48"
"Time: 0.063s,Bytes: null,Queue: 47"
"Time: 0.065s,Bytes: null,Queue: 46"
"Time: 0.066s,Bytes: null,Queue: 45"
"Time: 0.067s,Bytes: null,Queue: 44"
"Time: 0.067s,Bytes: null,Queue: 43"
"Time: 0.067s,Bytes: null,Queue: 42"
"Time: 0.07s,Bytes: null,Queue: 41"
"Time: 0.076s,Bytes: null,Queue: 40"
"Time: 0.08s,Bytes: null,Queue: 39"
"Time: 0.082s,Bytes: null,Queue: 38"
"Time: 0.083s,Bytes: null,Queue: 37"
"Time: 0.084s,Bytes: null,Queue: 36"
"Time: 0.084s,Bytes: null,Queue: 36"
"Time: 0.085s,Bytes: null,Queue: 35"
"Time: 0.089s,Bytes: null,Queue: 34"
"Time: 0.091s,Bytes: null,Queue: 33"
"Time: 0.093s,Bytes: null,Queue: 32"
"Time: 0.093s,Bytes: null,Queue: 31"
"Time: 0.094s,Bytes: null,Queue: 30"
"Time: 0.094s,Bytes: null,Queue: 29"
"Time: 0.095s,Bytes: null,Queue: 28"
"Time: 0.096s,Bytes: null,Queue: 27"
"Time: 0.098s,Bytes: null,Queue: 26"
"Time: 0.099s,Bytes: null,Queue: 25"
"Time: 0.1s,Bytes: null,Queue: 24"
"Time: 0.102s,Bytes: null,Queue: 23"
"Time: 0.103s,Bytes: null,Queue: 22"
"Time: 0.103s,Bytes: null,Queue: 22"
"Time: 0.103s,Bytes: null,Queue: 21"
"Time: 0.104s,Bytes: null,Queue: 21"
"Time: 0.104s,Bytes: null,Queue: 20"
"Time: 0.104s,Bytes: null,Queue: 20"
"Time: 0.104s,Bytes: null,Queue: 19"
"Time: 0.104s,Bytes: null,Queue: 19"
"Time: 0.104s,Bytes: null,Queue: 18"
"Time: 0.104s,Bytes: null,Queue: 18"
"Time: 0.105s,Bytes: null,Queue: 17"
"Time: 0.105s,Bytes: null,Queue: 16"
"Time: 0.105s,Bytes: null,Queue: 15"
"Time: 0.105s,Bytes: null,Queue: 14"
"Time: 0.105s,Bytes: null,Queue: 13"
"Time: 0.105s,Bytes: null,Queue: 12"
"Time: 0.105s,Bytes: null,Queue: 11"
"Time: 0.105s,Bytes: null,Queue: 10"
"Time: 0.169s,Bytes: null,Queue: 90"
"Time: 0.169s,Bytes: null,Queue: 89"
"Time: 0.156s,Bytes: null,Queue: 88"
"Time: 0.128s,Bytes: null,Queue: 87"
"Time: 0.114s,Bytes: null,Queue: 86"
"Time: 0.114s,Bytes: null,Queue: 85"
"Time: 0.114s,Bytes: null,Queue: 84"
"Time: 0.114s,Bytes: null,Queue: 83"
"Time: 0.114s,Bytes: null,Queue: 82"
"Time: 0.076s,Bytes: null,Queue: 81"
"Time: 0.083s,Bytes: null,Queue: 80"
"Time: 0.087s,Bytes: null,Queue: 79"
"Time: 0.09s,Bytes: null,Queue: 78"
"Time: 0.098s,Bytes: null,Queue: 77"
"Time: 0.102s,Bytes: null,Queue: 76"
"Time: 0.103s,Bytes: null,Queue: 75"
"Time: 0.103s,Bytes: null,Queue: 74"
"Time: 0.109s,Bytes: null,Queue: 73"
"Time: 0.113s,Bytes: null,Queue: 72"
"Time: 0.123s,Bytes: null,Queue: 71"
"Time: 0.127s,Bytes: null,Queue: 70"
"Time: 0.127s,Bytes: null,Queue: 70"
"Time: 0.127s,Bytes: null,Queue: 69"
"Time: 0.128s,Bytes: null,Queue: 68"
"Time: 0.13s,Bytes: null,Queue: 67"
"Time: 0.134s,Bytes: null,Queue: 66"
"Time: 0.134s,Bytes: null,Queue: 65"
"Time: 0.138s,Bytes: null,Queue: 64"
"Time: 0.138s,Bytes: null,Queue: 63"
"Time: 0.139s,Bytes: null,Queue: 62"
"Time: 0.139s,Bytes: null,Queue: 61"
"Time: 0.142s,Bytes: null,Queue: 60"
"Time: 0.146s,Bytes: null,Queue: 59"
"Time: 0.155s,Bytes: null,Queue: 58"
"Time: 0.158s,Bytes: null,Queue: 57"
"Time: 0.165s,Bytes: null,Queue: 56"
"Time: 0.167s,Bytes: null,Queue: 55"
"Time: 0.171s,Bytes: null,Queue: 54"
"Time: 0.171s,Bytes: null,Queue: 53"
"Time: 0.172s,Bytes: null,Queue: 52"
"Time: 0.173s,Bytes: null,Queue: 51"
"Time: 0.174s,Bytes: null,Queue: 50"
"Time: 0.175s,Bytes: null,Queue: 49"
"Time: 0.178s,Bytes: null,Queue: 48"
"Time: 0.18s,Bytes: null,Queue: 47"
"Time: 0.182s,Bytes: null,Queue: 46"
"Time: 0.183s,Bytes: null,Queue: 45"
"Time: 0.184s,Bytes: null,Queue: 44"
"Time: 0.187s,Bytes: null,Queue: 43"
"Time: 0.188s,Bytes: null,Queue: 42"
"Time: 0.189s,Bytes: null,Queue: 41"
"Time: 0.189s,Bytes: null,Queue: 40"
"Time: 0.19s,Bytes: null,Queue: 39"
"Time: 0.196s,Bytes: null,Queue: 38"
"Time: 0.203s,Bytes: null,Queue: 37"
"Time: 0.205s,Bytes: null,Queue: 36"
"Time: 0.207s,Bytes: null,Queue: 35"
"Time: 0.208s,Bytes: null,Queue: 34"
"Time: 0.208s,Bytes: null,Queue: 33"
"Time: 0.21s,Bytes: null,Queue: 32"
"Time: 0.211s,Bytes: null,Queue: 31"
"Time: 0.211s,Bytes: null,Queue: 30"
"Time: 0.212s,Bytes: null,Queue: 29"
"Time: 0.213s,Bytes: null,Queue: 28"
"Time: 0.215s,Bytes: null,Queue: 27"
"Time: 0.216s,Bytes: null,Queue: 26"
"Time: 0.217s,Bytes: null,Queue: 25"
"Time: 0.218s,Bytes: null,Queue: 24"
"Time: 0.218s,Bytes: null,Queue: 23"
"Time: 0.219s,Bytes: null,Queue: 22"
"Time: 0.221s,Bytes: null,Queue: 21"
"Time: 0.222s,Bytes: null,Queue: 20"
"Time: 0.222s,Bytes: null,Queue: 19"
"Time: 0.224s,Bytes: null,Queue: 18"
"Time: 0.225s,Bytes: null,Queue: 17"
"Time: 0.228s,Bytes: null,Queue: 16"
"Time: 0.229s,Bytes: null,Queue: 15"
"Time: 0.231s,Bytes: null,Queue: 14"
"Time: 0.234s,Bytes: null,Queue: 13"
"Time: 0.234s,Bytes: null,Queue: 12"
"Time: 0.235s,Bytes: null,Queue: 11"
"Time: 0.235s,Bytes: null,Queue: 10"
"Time: 0.236s,Bytes: null,Queue: 9"
"Time: 0.236s,Bytes: null,Queue: 8"
"Time: 0.237s,Bytes: null,Queue: 7"
"Time: 0.238s,Bytes: null,Queue: 6"
"Time: 0.239s,Bytes: null,Queue: 5"
"Time: 0.24s,Bytes: null,Queue: 4"
"Time: 0.24s,Bytes: null,Queue: 3"
"Time: 0.241s,Bytes: null,Queue: 2"
"Time: 0.149s,Bytes: null,Queue: 1"
"Time: 0.083s,Bytes: null,Queue: 20"
"Time: 0.084s,Bytes: null,Queue: 20"
"Time: 0.084s,Bytes: null,Queue: 19"
"Time: 0.084s,Bytes: null,Queue: 18"
"Time: 0.084s,Bytes: null,Queue: 17"
"Time: 0.084s,Bytes: null,Queue: 17"
"Time: 0.084s,Bytes: null,Queue: 16"
"Time: 0.084s,Bytes: null,Queue: 15"
"Time: 0.085s,Bytes: null,Queue: 14"
"Time: 0.085s,Bytes: null,Queue: 14"
"Time: 0.085s,Bytes: null,Queue: 13"
"Time: 0.085s,Bytes: null,Queue: 12"
"Time: 0.085s,Bytes: null,Queue: 11"
"Time: 0.085s,Bytes: null,Queue: 11"
"Time: 0.085s,Bytes: null,Queue: 10"
"Time: 0.086s,Bytes: null,Queue: 10"
"Time: 0.086s,Bytes: null,Queue: 9"
"Time: 0.086s,Bytes: null,Queue: 9"
"Time: 0.086s,Bytes: null,Queue: 8"
"Time: 0.086s,Bytes: null,Queue: 8"
"Time: 0.011s,Bytes: null,Queue: 7"
"Time: 0.011s,Bytes: null,Queue: 7"
"Time: 0.013s,Bytes: null,Queue: 10"
"Time: 0.014s,Bytes: null,Queue: 13"
"Time: 0.017s,Bytes: null,Queue: 14"
"Time: 0.024s,Bytes: null,Queue: 15"
"Time: 0.03s,Bytes: null,Queue: 16"
"Time: 0.662s,Bytes: null,Queue: 17"
"Time: 0.66s,Bytes: null,Queue: 16"
"Time: 0.661s,Bytes: null,Queue: 15"
"Time: 0.66s,Bytes: null,Queue: 14"
"Time: 0.66s,Bytes: null,Queue: 13"
"Time: 0.659s,Bytes: null,Queue: 12"
"Time: 0.659s,Bytes: null,Queue: 11"
"Time: 0.659s,Bytes: null,Queue: 10"
"Time: 0.658s,Bytes: null,Queue: 9"
"Time: 0.656s,Bytes: null,Queue: 8"
"Time: 0.656s,Bytes: null,Queue: 7"
"Time: 0.649s,Bytes: null,Queue: 6"
"Time: 0.648s,Bytes: null,Queue: 5"
"Time: 0.644s,Bytes: null,Queue: 4"
"Time: 0.642s,Bytes: null,Queue: 3"
"Time: 0.639s,Bytes: null,Queue: 2"
"Time: 0.639s,Bytes: null,Queue: 1"
"Time: 0.052s,Bytes: null,Queue: 3"
"Time: 0.061s,Bytes: null,Queue: 3"
"Time: 0.067s,Bytes: null,Queue: 3"
"Time: 0.389s,Bytes: null,Queue: 3"
"Time: 0.386s,Bytes: null,Queue: 2"
"Time: 0.385s,Bytes: null,Queue: 1"
"Time: 0.084s,Bytes: null,Queue: 3"
"Time: 0.084s,Bytes: null,Queue: 3"
"Time: 0.087s,Bytes: null,Queue: 3"
"Time: 0.004s,Bytes: null,Queue: 3"
"Time: 0.011s,Bytes: null,Queue: 3"
"Time: 0.01s,Bytes: null,Queue: 2"
"Time: 0.015s,Bytes: null,Queue: 1"
"Time: 0.001s,Bytes: null,Queue: 2"
"Time: 0.003s,Bytes: null,Queue: 2"
"Time: 0.001s,Bytes: null,Queue: 2"
"Time: 0.0s,Bytes: null,Queue: 1"